fName,lName,city,state,address,pNumber
fdfg,fdg,defr,defr,dsfr,7678987658
uhj,gyhb,dhgb,jh,hjbn,8765432123
hjn,hjn,uhkjn,hjbn,gyjhb,8767898765
gub,ugjhb,guhjb,ygh,ghjb,8765890876
hb,uhj,ghjb,yghj,ygjh,8765456789
hbws,sdkjb,gdshbj,shbj,swhbj,8765456789
kjb,uhj,uhj,uhj,ughj,8765434689
djkn,dusj,gyhbsw,ghb,hgjb,8765434567
fsg,wdefg,edfrgewrfg,wer,wer,8765678973
wsedf,sedf,wertg,gtfre,frdes,9876545675
edsx,ghv,tfgv,yghj,ygh,7865456789
sd,d,fv,dfs,df,8797656789
sd,fd,df,df,fg,9876567876
fjen,fdjn,jfdn,jfdn,jfdn,7688767865
fsjn,fdjn,ednf,eudn,uhfjn,7678765678
